<?xml version="1.0" encoding="UTF-8"?>
<project-private xmlns="http://www.netbeans.org/ns/project-private/1">
    <editor-bookmarks xmlns="http://www.netbeans.org/ns/editor-bookmarks/2" lastBookmarkId="0"/>
    <open-files xmlns="http://www.netbeans.org/ns/projectui-open-files/2">
        <group>
            <file>file:/C:/Users/Al%20Fariz/Documents/praktikum%20smt%202/codingan%20pbo/230441100190-NoerKhofifahOktaviaYusuf/tgs/src/tgs/kls1.java</file>
            <file>file:/C:/Users/Al%20Fariz/Documents/praktikum%20smt%202/codingan%20pbo/230441100190-NoerKhofifahOktaviaYusuf/tgs/src/tgs/Tgs.java</file>
            <file>file:/C:/Users/Al%20Fariz/Documents/praktikum%20smt%202/codingan%20pbo/230441100190-NoerKhofifahOktaviaYusuf/tgs/src/tgs/kls2.java</file>
        </group>
    </open-files>
</project-private>
